<div class="error"><h1>Erro</h1><p><strong>Static analysis:</strong></p><p>2 errors were found during analysis.</p><p><ol><li>This type of clause was previously parsed. (near "FROM" at position 90)</li><li>Unrecognized statement type. (near "FROM" at position 90)</li></ol></p><p><strong>Comando SQL:</strong>
<a href="./url.php?url=https%3A%2F%2Fdev.mysql.com%2Fdoc%2Frefman%2F5.7%2Fen%2Fselect.html" target="mysql_doc"><img src="themes/dot.gif" title="Documentação" alt="Documentação" class="icon ic_b_help" /></a><a href="tbl_sql.php?sql_query=%28SELECT+id%2C+texto%2C+alc%2C+repetitions%2C+longpauses+FROM+conversa+WHERE+alc+%3D+%22A%22+LIMIT+1500%29+FROM+conversa+UNION+%0D%0A%28SELECT+id%2C+texto%2C+alc%2C+repetitions%2C+longpauses+FROM+conversa+WHERE+alc+%3D+%22NA%22+LIMIT+1500%29&amp;show_query=1&amp;db=alemao&amp;table=conversa&amp;token=c0cbbd03df5cd3b5e1d6bbee7cc60591"><span class="nowrap"><img src="themes/dot.gif" title="Edita" alt="Edita" class="icon ic_b_edit" />&nbsp;Edita</span></a>    </p>
<p>
(SELECT id, texto, alc, repetitions, longpauses FROM conversa WHERE alc = &quot;A&quot; LIMIT 1500) FROM conversa UNION 
(SELECT id, texto, alc, repetitions, longpauses FROM conversa WHERE alc = &quot;NA&quot; LIMIT 1500)
</p>
<p>
    <strong>Mensagens do MySQL : </strong><a href="./url.php?url=https%3A%2F%2Fdev.mysql.com%2Fdoc%2Frefman%2F5.7%2Fen%2Ferror-messages-server.html" target="mysql_doc"><img src="themes/dot.gif" title="Documentação" alt="Documentação" class="icon ic_b_help" /></a>
</p>
<code>#1064 - Você tem um erro de sintaxe no seu SQL próximo a 'FROM conversa UNION <br />
(SELECT id, texto, alc, repetitions, longpauses FROM conve' na linha 1</code><br/></div>